Day,Retention Rate,Eligible N,Benchmark Low,Benchmark High,vs Benchmark
D1,0.429,30000,0.35,0.45,✅ Within
D7,0.18783585735222277,28658,0.15,0.2,✅ Within
D30,0.07961347699675048,23388,0.05,0.08,✅ Within
