platform,n_players,D1,D1_n,D7,D7_n,D30,D30_n
Android,15734,0.41972797762806663,15734,0.18383476124061898,15057,0.0760613686175826,12319
iOS,14266,0.4392261320622459,14266,0.19226527461216086,13601,0.08356671786069202,11069
