acquisition_channel,n_players,D1,D1_n,D7,D7_n,D30,D30_n
Influencer,927,0.46494066882416396,927,0.2015855039637599,883,0.0776566757493188,734
Organic,9155,0.4570180229382851,9155,0.1992200940474825,8719,0.08568207440811725,7096
Apple Search Ads,2466,0.43309002433090027,2466,0.19822109275730623,2361,0.0841995841995842,1924
Cross-promo,1507,0.43861977438619776,1507,0.19294605809128632,1446,0.08460236886632826,1182
Google UAC,5885,0.410875106202209,5885,0.18109116758485871,5627,0.08304347826086957,4600
Meta Ads,6421,0.41769194829465817,6421,0.18100212175616126,6127,0.07288746495794954,4994
TikTok Ads,3639,0.3918658972245122,3639,0.16967095851216024,3495,0.06613016095171449,2858
