channel,Tutorial Start,Tutorial Done,Boss Defeated
Apple Search Ads,1.0,0.8203568532035685,0.36942416869424166
Cross-promo,1.0,0.8248175182481752,0.35700066357000665
TikTok Ads,1.0,0.8224787029403682,0.3553173948887057
Google UAC,1.0,0.817162276975361,0.3548003398470688
Organic,1.0,0.8114691425450573,0.34942654287274716
Meta Ads,1.0,0.8174739137206043,0.34869957950475006
Influencer,1.0,0.819848975188781,0.3419633225458468
