Mode,Adopters N,D7 Adopters,D7 Non-Adopters,D30 Adopters,D30 Non-Adopters,D7 Lift,D30 Lift
Arena,5397,0.4138326327856324,0.13733777322404372,0.19073250643575942,0.05477373790217107,2.0132469973175797,2.482188978528693
Gauntlet,1752,0.4856486796785304,0.16856145043840096,0.25260235947258847,0.06825534241581993,1.881137285040186,2.7008437806040715
Raids & Leagues,1803,0.5055493895671476,0.16651772415847482,0.24345549738219896,0.06816102470265324,2.036009482606287,2.5717699146140065
