avg_chest_opens,avg_gems_on_chests,avg_legendary_drops
2.657369720424368,661.5125108427304,0.038500033362247284
2.8872976753480315,725.5609804835809,0.07473522946779458
