N_players,payer_rate,avg_iap_usd,currency_spent_total,gems_spent_total
14987,0.03563088009608327,3.358397944885567,1847.8476012544204,661.5125108427304
15013,0.038566575634450144,3.6715586491707186,1970.6750815959501,725.5609804835809
