N_players,payer_rate,avg_iap_usd,currency_spent_total,gems_spent_total
13528,0.00768775872264932,0.06895771732702544,823.6912329982259,164.1130987581313
10635,0.0009402914903620122,0.0048161730136342265,125.58645980253878,11.597743300423131
4832,0.041390728476821195,0.5366121688741722,5768.757243377483,1202.6399006622516
867,0.776239907727797,49.36013840830449,12039.643598615918,7567.37139561707
138,0.9130434782608695,428.1245652173913,47013.942028985504,44140.608695652176
