N_players,payer_rate,avg_iap_usd
2466,0.03933495539334955,6.2027777777777775
6421,0.035819965737424075,3.5776872761252143
9155,0.03823047515019115,3.3720360458765706
5885,0.03551401869158879,3.195909940526763
1507,0.039814200398142006,3.0005507631055077
3639,0.038746908491343775,2.961173399285518
927,0.028047464940668825,2.382502696871629
